[
    {
        "id":1,
        "img":"/img/c_analogicas/D-fijos/DOMO 4 EN 1 1080P D_N IR 20M L2.8 - 12VDC.jpg" ,
        "img_hover":"/img/marcas/HIKVISION.png",
        "name": "camara domo",
        "SKU":"HK-DS2CE56D0T-IRPF",
        "price":120,
        "old_price":180,
        "category":"grabadores",
        "categoryslider": "slider1",
        "marca" : "HIKVISION",
        "descripcion" : [
            "DOMO INTERIOR ICR DIA&NOCHE",
            "Tecnología Seleccionable: HD-TVI/AHD/CVI/ CVBS",
            "CMOS 2Mp",
            "IR 10 a 20M",
            "Cubierta PLASTICA",
            "Resolución: HD1080P ",
            "NTSC: 1920(H)*1080(V)",
            "Lente: 2.8mm ",
            "A. Visión: 103°",
            "Iluminación: 0.01Lux@F1.2/ 0Lux IR On (24un.)",
            "Velocidad de Obturador: 1/30 a 1/50,000 ",
            "Smart IR",
            "Alimentación: 12Vdc +/- 15%",
            "Consumo: 4 Watt. No incluye fuente."
        ]

    },
    {
        "id":2,
        "img":"/img/c_analogicas/D-fijos/DOMO 4 EN 1 1080P D_N IR 20M L2.8 - 12VDC.jpg" ,
        "img_hover":"/img/marcas/HIKVISION.png",
        "name": "DOMO 4 EN 1 1080P D_N IR 20M L2.8 - 12VDC",
        "SKU":"HK-DS2CE56D0T-IRPF",
        "price":120,
        "old_price":180,
        "category":"camara ip",
        "categoryslider": "slider1",
        "marca" : "HIKVISION",
        "descripcion" : [
            "DOMO INTERIOR ICR DIA&NOCHE",
            "Tecnología Seleccionable: HD-TVI/AHD/CVI/ CVBS",
            "CMOS 2Mp",
            "IR 10 a 20M",
            "Cubierta PLASTICA",
            "Resolución: HD1080P ",
            "NTSC: 1920(H)*1080(V)",
            "Lente: 2.8mm ",
            "A. Visión: 103°",
            "Iluminación: 0.01Lux@F1.2/ 0Lux IR On (24un.)",
            "Velocidad de Obturador: 1/30 a 1/50,000 ",
            "Smart IR",
            "Alimentación: 12Vdc +/- 15%",
            "Consumo: 4 Watt. No incluye fuente."
        ]

    },
    {
        "id":3,
        "img":"/img/c_analogicas/D-fijos/DOMO 4 EN 1 1080P D_N IR 20M L2.8 - 12VDC.jpg" ,
        "img_hover":"/img/marcas/HIKVISION.png",
        "name": "DOMO 4 EN 1 1080P D_N IR 20M L2.8 - 12VDC",
        "SKU":"HK-DS2CE56D0T-IRPF",
        "price":120,
        "old_price":180,
        "category":"camara ip",
        "categoryslider": "slider1",
        "marca" : "HIKVISION",
        "descripcion" : [
            "DOMO INTERIOR ICR DIA&NOCHE",
            "Tecnología Seleccionable: HD-TVI/AHD/CVI/ CVBS",
            "CMOS 2Mp",
            "IR 10 a 20M",
            "Cubierta PLASTICA",
            "Resolución: HD1080P ",
            "NTSC: 1920(H)*1080(V)",
            "Lente: 2.8mm ",
            "A. Visión: 103°",
            "Iluminación: 0.01Lux@F1.2/ 0Lux IR On (24un.)",
            "Velocidad de Obturador: 1/30 a 1/50,000 ",
            "Smart IR",
            "Alimentación: 12Vdc +/- 15%",
            "Consumo: 4 Watt. No incluye fuente."
        ]

    },
    {
        "id":4,
        "img":"/img/c_analogicas/D-fijos/DOMO 4 EN 1 1080P D_N IR 20M L2.8 - 12VDC.jpg" ,
        "img_hover":"/img/marcas/HIKVISION.png",
        "name": "DOMO 4 EN 1 1080P D_N IR 20M L2.8 - 12VDC",
        "SKU":"HK-DS2CE56D0T-IRPF",
        "price":120,
        "old_price":180,
        "category":"camara analogica domo fijo",
        "categoryslider": "slider1",
        "marca" : "HIKVISION",
        "descripcion" : [
            "DOMO INTERIOR ICR DIA&NOCHE",
            "Tecnología Seleccionable: HD-TVI/AHD/CVI/ CVBS",
            "CMOS 2Mp",
            "IR 10 a 20M",
            "Cubierta PLASTICA",
            "Resolución: HD1080P ",
            "NTSC: 1920(H)*1080(V)",
            "Lente: 2.8mm ",
            "A. Visión: 103°",
            "Iluminación: 0.01Lux@F1.2/ 0Lux IR On (24un.)",
            "Velocidad de Obturador: 1/30 a 1/50,000 ",
            "Smart IR",
            "Alimentación: 12Vdc +/- 15%",
            "Consumo: 4 Watt. No incluye fuente."
        ]

    },
    {
        "id":5,
        "img":"/img/c_analogicas/D-fijos/DOMO 4 EN 1 1080P D_N IR 20M L2.8 - 12VDC.jpg" ,
        "img_hover":"/img/marcas/HIKVISION.png",
        "name": "DOMO 4 EN 1 1080P D_N IR 20M L2.8 - 12VDC",
        "SKU":"HK-DS2CE56D0T-IRPF",
        "price":120,
        "old_price":180,
        "category":"camara analogica domo fijo",
        "categoryslider": "slider1",
        "marca" : "HIKVISION",
        "descripcion" : [
            "DOMO INTERIOR ICR DIA&NOCHE",
            "Tecnología Seleccionable: HD-TVI/AHD/CVI/ CVBS",
            "CMOS 2Mp",
            "IR 10 a 20M",
            "Cubierta PLASTICA",
            "Resolución: HD1080P ",
            "NTSC: 1920(H)*1080(V)",
            "Lente: 2.8mm ",
            "A. Visión: 103°",
            "Iluminación: 0.01Lux@F1.2/ 0Lux IR On (24un.)",
            "Velocidad de Obturador: 1/30 a 1/50,000 ",
            "Smart IR",
            "Alimentación: 12Vdc +/- 15%",
            "Consumo: 4 Watt. No incluye fuente."
        ]

    },
    {
        "id":6,
        "img":"/img/c_analogicas/D-fijos/DOMO 4 EN 1 1080P D_N IR 20M L2.8 - 12VDC.jpg" ,
        "img_hover":"/img/marcas/HIKVISION.png",
        "name": "DOMO 4 EN 1 1080P D_N IR 20M L2.8 - 12VDC",
        "SKU":"HK-DS2CE56D0T-IRPF",
        "price":120,
        "old_price":180,
        "category":"camara analogica domo fijo",
        "categoryslider": "slider1",
        "marca" : "HIKVISION",
        "descripcion" : [
            "DOMO INTERIOR ICR DIA&NOCHE",
            "Tecnología Seleccionable: HD-TVI/AHD/CVI/ CVBS",
            "CMOS 2Mp",
            "IR 10 a 20M",
            "Cubierta PLASTICA",
            "Resolución: HD1080P ",
            "NTSC: 1920(H)*1080(V)",
            "Lente: 2.8mm ",
            "A. Visión: 103°",
            "Iluminación: 0.01Lux@F1.2/ 0Lux IR On (24un.)",
            "Velocidad de Obturador: 1/30 a 1/50,000 ",
            "Smart IR",
            "Alimentación: 12Vdc +/- 15%",
            "Consumo: 4 Watt. No incluye fuente."
        ]

    },
    {
        "id":7,
        "img":"/img/c_analogicas/D-fijos/DOMO 4 EN 1 1080P D_N IR 20M L2.8 - 12VDC.jpg" ,
        "img_hover":"/img/marcas/HIKVISION.png",
        "name": "DOMO 4 EN 1 1080P D_N IR 20M L2.8 - 12VDC",
        "SKU":"HK-DS2CE56D0T-IRPF",
        "price":120,
        "old_price":180,
        "category":"camara analogica domo fijo",
        "categoryslider": "slider1",
        "marca" : "HIKVISION",
        "descripcion" : [
            "DOMO INTERIOR ICR DIA&NOCHE",
            "Tecnología Seleccionable: HD-TVI/AHD/CVI/ CVBS",
            "CMOS 2Mp",
            "IR 10 a 20M",
            "Cubierta PLASTICA",
            "Resolución: HD1080P ",
            "NTSC: 1920(H)*1080(V)",
            "Lente: 2.8mm ",
            "A. Visión: 103°",
            "Iluminación: 0.01Lux@F1.2/ 0Lux IR On (24un.)",
            "Velocidad de Obturador: 1/30 a 1/50,000 ",
            "Smart IR",
            "Alimentación: 12Vdc +/- 15%",
            "Consumo: 4 Watt. No incluye fuente."
        ]

    },
    {
        "id":8,
        "img":"/img/c_analogicas/D-fijos/DOMO 4 EN 1 1080P D_N IR 20M L2.8 - 12VDC.jpg" ,
        "img_hover":"/img/marcas/HIKVISION.png",
        "name": "DOMO 4 EN 1 1080P D_N IR 20M L2.8 - 12VDC",
        "SKU":"HK-DS2CE56D0T-IRPF",
        "price":120,
        "old_price":180,
        "category":"camara analogica domo fijo",
        "categoryslider": "slider2",
        "marca" : "HIKVISION",
        "descripcion" : [
            "DOMO INTERIOR ICR DIA&NOCHE",
            "Tecnología Seleccionable: HD-TVI/AHD/CVI/ CVBS",
            "CMOS 2Mp",
            "IR 10 a 20M",
            "Cubierta PLASTICA",
            "Resolución: HD1080P ",
            "NTSC: 1920(H)*1080(V)",
            "Lente: 2.8mm ",
            "A. Visión: 103°",
            "Iluminación: 0.01Lux@F1.2/ 0Lux IR On (24un.)",
            "Velocidad de Obturador: 1/30 a 1/50,000 ",
            "Smart IR",
            "Alimentación: 12Vdc +/- 15%",
            "Consumo: 4 Watt. No incluye fuente."
        ]

    },

    {
        "id":9,
        "img":"/img/c_analogicas/D-fijos/DOMO 4 EN 1 1080P D_N IR 20M L2.8 - 12VDC.jpg" ,
        "img_hover":"/img/marcas/HIKVISION.png",
        "name": "DOMO 4 EN 1 1080P D_N IR 20M L2.8 - 12VDC",
        "SKU":"HK-DS2CE56D0T-IRPF",
        "price":120,
        "old_price":180,
        "category":"camara analogica domo fijo",
        "categoryslider": "slider3",
        "marca" : "HIKVISION",
        "descripcion" : [
            "DOMO INTERIOR ICR DIA&NOCHE",
            "Tecnología Seleccionable: HD-TVI/AHD/CVI/ CVBS",
            "CMOS 2Mp",
            "IR 10 a 20M",
            "Cubierta PLASTICA",
            "Resolución: HD1080P ",
            "NTSC: 1920(H)*1080(V)",
            "Lente: 2.8mm ",
            "A. Visión: 103°",
            "Iluminación: 0.01Lux@F1.2/ 0Lux IR On (24un.)",
            "Velocidad de Obturador: 1/30 a 1/50,000 ",
            "Smart IR",
            "Alimentación: 12Vdc +/- 15%",
            "Consumo: 4 Watt. No incluye fuente."
        ]

    },


    {
        "id":10,
        "img":"/img/c_analogicas/D-fijos/DOMO 4 EN 1 1080P D_N IR 20M L2.8 - 12VDC.jpg" ,
        "img_hover":"/img/marcas/HIKVISION.png",
        "name": "DOMO 4 EN 1 1080P D_N IR 20M L2.8 - 12VDC",
        "SKU":"HK-DS2CE56D0T-IRPF",
        "price":120,
        "category":"camara analogica domo fijo",
        "categoryslider": "slider3",
        "marca" : "HIKVISION",
        "descripcion" : [
            "DOMO INTERIOR ICR DIA&NOCHE",
            "Tecnología Seleccionable: HD-TVI/AHD/CVI/ CVBS",
            "CMOS 2Mp",
            "IR 10 a 20M",
            "Cubierta PLASTICA",
            "Resolución: HD1080P ",
            "NTSC: 1920(H)*1080(V)",
            "Lente: 2.8mm ",
            "A. Visión: 103°",
            "Iluminación: 0.01Lux@F1.2/ 0Lux IR On (24un.)",
            "Velocidad de Obturador: 1/30 a 1/50,000 ",
            "Smart IR",
            "Alimentación: 12Vdc +/- 15%",
            "Consumo: 4 Watt. No incluye fuente."
        ]

    },
    {
        "id":11,
        "img":"/img/c_analogicas/D-fijos/DOMO 4 EN 1 1080P D_N IR 20M L2.8 - 12VDC.jpg" ,
        "img_hover":"/img/marcas/HIKVISION.png",
        "name": "DOMO 4 EN 1 HD-TVI 1080P D_N IR 20M L2.8 - 12VDC",
        "SKU":"HK-DS2CE56D0T-IRPF",
        "price":120.00,
        "category":"camara analogica domo fijo",
        "marca" : "HIKVISION",
        "descripcion" : [
            "DOMO INTERIOR ICR DIA&NOCHE",
            "Tecnología Seleccionable: HD-TVI/AHD/CVI/ CVBS",
            "CMOS 2Mp",
            "IR 10 a 20M",
            "Metálico | IP66",
            "Resolución: HD1080P ",
            "NTSC: 1920(H)*1080(V)",
            "Lente: 2.8mm ",
            "A. Visión: 103°",
            "Iluminación: 0.01Lux@F1.2/ 0Lux IR On (24un.)",
            "Velocidad de Obturador: 1/30 a 1/50,000 ",
            "Smart IR",
            "Alimentación: 12Vdc +/- 15%",
            "Consumo: 4 Watt. No incluye fuente."
        ]

    },
    {
        "id":12,
        "img":"/img/c_analogicas/D-fijos/DOMO 5MP IR LENTE 2.8MM CON AUDIO.jpg" ,
        "img_hover":"/img/marcas/HIKVISION.png",
        "name": "DOMO 5MP IR LENTE 2.8MM CON AUDIO",
        "SKU":"HK-DS2CE76H0T-ITPFS",
        "price":147.00,
        "category":"camara analogica domo fijo",
        "marca" : "HIKVISION",
        "descripcion" : [
            "5 MP, resolución de 2560 × 1944",
            "WDR digital",
            "Lente focal de 2,8 mm, 3,6 mm, 6 mm",
            "IR inteligente, hasta 20 m de distancia IR",
            "Audio por cable coaxial, micrófono incorporado",
            "Salida de video 4 en 1 (TVI/AHD/CVI/CVBS conmutable)"
        ]

    },
    {
        "id":13,
        "img":"/img/c_analogicas/D-fijos/DOMO EXT 4 EN 1 1080P D_N IR L2.8MM - 12VDC.jpg" ,
        "img_hover":"/img/marcas/HIKVISION.png",
        "name": "DOMO EXT 4 EN 1 1080P D/N IR L2.8MM - 12VDC",
        "SKU":"HK-DS2CE56D0T-IT3F",
        "price":120,
        "category":"domo fijo",
        "marca" : "HIKVISION",
        "descripcion" : [
            "DOMO INTERIOR ICR DIA&NOCHE",
            "Tecnología Seleccionable: HD-TVI/AHD/CVI/ CVBS",
            "2Mp",
            "CMOS",
            "EXIR hasta 40M ",
            "Resolución: HD1080P",
            "NTSC: 1920(H)*1080(V)",
            "Lente: 2.8mm ",
            "A. Visión: 82.2°",
            "Iluminación: 0.01Lux@F1.2/ 0Lux IR On",
            "Velocidad de Obturador: 1/30 a 1/50,000 ",
            "Smart IR",
            "Comunicación: Up the coax, Protocolo: Pelco-C (Coaxitron)",
            "Alimentación: 12Vdc +/- 15% ",
            "Consumo: 4 Watt. No incluye fuente."
            
        ]

    },
    {
        "id":14,
        "img":"/img/c_analogicas/D-fijos/DOMO INT 720P 4 EN 1 DIA_NOCHE IR 20M L2.8 - 12VDC.jpg" ,
        "img_hover":"/img/marcas/HIKVISION.png",
        "name": "DOMO INT 720P 4 EN 1 DIA/NOCHE IR 20M L2.8 - 12VDC",
        "SKU":"HK-DS2CE56C0T-IRPF",
        "price":120,
        "category":"camara analogica domo fijo",
        "marca" : "HIKVISION",
        "descripcion" : [
            "DOMO ICR DIA&NOCHE",
            "Tecnología: HD-TVI/CVBS",
            "Resolución: HD720P ",
            "NTSC: 1280 (H) x 720 (V) ",
            "Lente: 2.8mm ",
            "A. Vision: 92° ",
            "DNR",
            "Iluminación: 0.01Lux@F1.2/ 0Lux IR On (24un.)",
            "Velocidad de Obturador: 1/30 a 1/50,000 ",
            "Cubierta plástica",
            "Alimentación: 12Vdc",
            "Consumo: 3.5 Watt. No incluye fuente."
        ]

    },
    {
        "id":15,
        "img":"/img/c_analogicas/D-fijos/TURRET 2MP COLORVU SMART HYBRID LIGHT IR 20M 2.8MM C _AUDIO.jpg" ,
        "img_hover":"/img/marcas/HIKVISION.png",
        "name": "TURRET 2MP COLORVU SMART HYBRID LIGHT IR 20M 2.8MM C /AUDIO",
        "SKU":"HK-DS2CE70DF0T-LPFS",
        "price":120,
        "category":"grabadores",
        "categoryslider": "slider3",
        "marca" : "HIKVISION",
        "descripcion" : [
            "Imágenes de alta calidad con resolución de 2 MP, 1920 × 1080",
            "Imágenes en color 24/7 con apertura F1.0",
            "La tecnología 3D DNR ofrece imágenes limpias y nítidas",
            "Lente focal fija de 2,8 mm, 3,6 mm",
            "Distancia de luz blanca de hasta 20 m para imágenes nocturnas brillantes",
            "Distancia IR de hasta 20 m para imágenes nocturnas brillantes",
            "Audio de alta calidad con audio por cable coaxial, micrófono incorporado",
            "Un puerto para cuatro señales conmutables (TVI/AHD/CVI/CVBS)"
        ]

    },
    {
        "id":16,
        "img":"/img/c_analogicas/D-fijos/TURRET 5MP COLORVU SMART HYBRID LIGHT IR 20M 2.8MM C_AUDIO.jpg" ,
        "img_hover":"/img/marcas/HIKVISION.png",
        "name": "TURRET 5MP COLORVU SMART HYBRID LIGHT IR 20M 2.8MM C/AUDIO",
        "SKU":"HK-DS2CE70KF0T-LPFS",
        "price":120,
        "category":"camara analogica domo fijo",
        "marca" : "HIKVISION",
        "descripcion" : [
            "Imágenes de alta calidad con resolución 3K, 2960 × 1665",
            "Imágenes en color 24 horas al día, 7 días a la semana con apertura F1.0",
            "Lente focal fija de 2,8 mm y 3,6 mm",
            "Distancia IR de hasta 20 m para imágenes nocturnas brillantes",
            "Audio de alta calidad con audio a través de cable coaxial, micrófono incorporado",
            "Distancia IR de hasta 20 m para imágenes nocturnas brillantes",
            "Un puerto para cuatro señales conmutables (TVI/AHD/CVI/CVBS)",
            "Luz Smart-Hybrid, optimice su seguridad con opciones de iluminación flexibles"
        ]

    },
    {
        "id":17,
        "img":"/img/c_analogicas/D-fijos/2MP DOMO COLOR VU LENTE 2.8MM .jpg" ,
        "img_hover":"/img/marcas/HIKVISION.png",
        "name": "2MP DOMO COLOR VU LENTE 2.8MM",
        "SKU":"HK-DS2CE70DF0T-PF",
        "price":120,
        "category":"camara analogica domo fijo",
        "marca" : "HIKVISION",
        "descripcion" : [
            "Imágenes de alta calidad con resolución de 2 MP, 1920 × 1080",
            "Imágenes en color 24/7 con apertura F1.0",
            "La tecnología 3D DNR ofrece imágenes limpias y nítidas",
            "Lente focal fija de 2,8 mm, 3,6 mm, 6 mm",
            "Distancia de luz blanca de hasta 20 m para imágenes nocturnas brillantes",
            "Un puerto para cuatro señales conmutables (TVI/AHD/CVI/CVBS)",
            "Resistente al agua y al polvo (IP67)"
        ]

    },
    {
        "id":18,
        "img":"/img/c_analogicas/D-PTZ/DOMO PTZ 25X 1080P IR 100M.jpg" ,
        "img_hover":"/img/marcas/HIKVISION.png",
        "name": "DOMO PTZ 25X 1080P IR 100M",
        "SKU":"HK-DS2AE4225TI-D",
        "price":120,
        "category":"camara analogica domo PTZ",
        "marca" : "HIKVISION",
        "descripcion" : [
            "Domo IR PTZ 1080P D-WDR",
            "CMOS 1/3”",
            "Zoom 25 X 16",
            "Lente: 4.8 -120mm, x25 (x16 digital)",
            "IR 100m",
            "Exterior IP66",
            "Resolución: 1920x1080",
            "AGC, 3D DNR, WDR, BLC, HLC, EIS",
            "Iluminación: Color 0.005Lux@F1.6, B/N , 0.001Lux@F1.6, 0 Lux IR On",
            "Cúpula: Vidrio negro anti-reflejo",
            "Pan: 360° endless;",
            "Tilt: -15° a 90°(Auto Flip)",
            "Menú OSD",
            "Presets: 256",
            "Alimentación: 12Vdc; 20Watts",
            "Salidas: 1 Análog",
            "HD, 1 BNC análoga",
            "Incluye fuente 220Vac",
            "NO soporte."      
        ]

    },
    {
        "id":19,
        "img":"/img/c_analogicas/D-PTZ/CAMARA PTZ 7_ 1080P 32X IR 120M.jpg" ,
        "img_hover":"/img/marcas/HIKVISION.png",
        "name": "CAMARA PTZ 7' 1080P 32X IR 120M",
        "SKU":"HK-DS2AE7232TI-A",
        "price":120,
        "category":"camara analogica domo PTZ",
        "marca" : "HIKVISION",
        "descripcion" : [
            "Domo IR PTZ 1080P D-WDR",
            "CMOS 1/3” ICR| Zoom x32 X 16",
            "Lente: 4.8-153mm, x32 (x16 digital)",
            "IR 150m",
            "Exterior IP66.",
            "Resolución: 1080P",
            "AGC, ATW, 3D DNR",
            "WDR Real 120dB",
            "Iluminación: Color 0.005Lux@F1.6, B/W , 0.001Lux@F1.6, 0 Lux IR On",
            "Alcance IR hasta 150m",
            "Pan: 360° endless; Tilt: -15° a 90°(Auto Flip)",
            "Menú OSD",
            "Presets: 255",
            "Alimentación: 24VAC; 40Watts",
            "Protocolos: HIKVISION,",
            "Pelco-P, Pelco-D",
            "IP66",
            "NO Incluye fuente 220Vac",
            "ni soporte."
        ]

    },



    {
        "id":20,
        "img":"/img/c_analogicas/tubo/TUBO4 EN 1 1080P EXT CON IR 20M L2.8M - 12VDC.jpg" ,
        "img_hover":"/img/marcas/HIKVISION.png",
        "name": "TUBO4 EN 1 1080P EXT CON IR 20M L2.8M - 12VDC",
        "SKU":"HK-DS2CE16D0T-IRF",
        "price":120,
        "category":"camara analogica",
        "marca" : "HIKVISION",
        "descripcion" : [
            "TUBO EXTERIOR ICR DIA&NOCHE",
            "Tecnología Seleccionable: HD-TVI/AHD/CVI/CVBS",
            "HD1080P",
            "Lente: 3.6mm",
            "CMOS",
            "2Mp",
            "IR 10 a 20M",
            "IP66",
            "Resolución: NTSC: 1920(H) x 1080(V)",
            "Angulo de Visión: 82.2°",
            "Iluminación: 0.01Lux@F1.2/ 0Lux IR On (8un.)",
            "Velocidad de Obturador: 1/30 a 1/50,000",
            "Alimentación: 12Vdc +/- 15% ",
            "Consumo: 4 Watt.",
            "No incluye fuente."
        ]

    },
    {
        "id":21,
        "img":"/img/c_analogicas/tubo/TUBO 2MP COLORVU SMART HYBRID LIGHT IR 20M 2.8MM C_AUDIO.jpg" ,
        "img_hover":"/img/marcas/HIKVISION.png",
        "name": "TUBO 5MP COLORVU SMART HYBRID LIGHT IR20M 2.8MM C/AUDIO",
        "SKU":"HK-DS2CE10KF0T-LFS",
        "price":120,
        "category":"camara analogica tubo",
        "marca" : "HIKVISION",
        "descripcion" : [
            "Imágenes de alta calidad con resolución 3K, 2960 × 1665",
            "Imágenes en color 24 horas al día, 7 días a la semana con apertura F1.0",
            "Lente focal fija de 2,8 mm y 3,6 mm",
            "Distancia IR de hasta 20 m para imágenes nocturnas brillantes",
            "Distancia de luz blanca de hasta 20 m para imágenes nocturnas brillantes",
            "Audio de alta calidad con audio a través de cable coaxial, micrófono incorporado",
            "Un puerto para cuatro señales conmutables (TVI/AHD/CVI/CVBS)",
            "Resistente al agua y al polvo (IP67)",
            "Luz Smart-Hybrid, optimice su seguridad con opciones de iluminación flexibles"
        ]

    }

]